case_number,region,start_date,center_lon,center_lat,center_x,center_y,month,sea_ice_fraction,mean_sea_ice_concentration,start_doy
NA,baffin_bay,2003-05-15,-70.93080646265187,76.08044275724579,-662500.0,-1362500.0,5,0.96,0.47099998593330383,135
NA,baffin_bay,2003-08-12,-64.91640599380908,81.54627506065846,-312500.0,-862500.0,8,1.0,0.6119999885559082,224
000,baffin_bay,2004-07-25,-65.28920053776979,69.90135405651581,-762500.0,-2062500.0,7,1.0,0.4860000014305115,207
NA,baffin_bay,2004-07-26,-68.29011724012875,71.19404275088861,-812500.0,-1887500.0,7,1.0,0.7149999737739563,208
NA,baffin_bay,2004-08-23,-70.75047412731827,79.14166589836378,-512500.0,-1062500.0,8,1.0,0.5569999814033508,236
002,baffin_bay,2004-09-21,-73.30075576600639,68.11094966783841,-1137500.0,-2112500.0,9,1.0,0.5979999899864197,265
NA,baffin_bay,2005-06-07,-67.22962109123779,75.73570921118771,-587500.0,-1437500.0,6,1.0,0.7770000100135803,158
NA,baffin_bay,2005-08-05,-86.14319901441016,75.51782426482085,-1037500.0,-1187500.0,8,1.0,0.6179999709129333,217
004,baffin_bay,2005-08-19,-86.74805439963612,75.68820789467534,-1037500.0,-1162500.0,8,1.0,0.48399999737739563,231
005,baffin_bay,2005-08-27,-93.57633437499736,76.9736565092582,-1062500.0,-937500.0,8,1.0,0.7160000205039978,239
NA,baffin_bay,2005-09-02,-96.86999230821426,76.41885990495986,-1162500.0,-912500.0,9,0.643,0.5389999747276306,245
NA,baffin_bay,2006-05-06,-75.79323388223963,76.75833915753151,-737500.0,-1237500.0,5,1.0,0.656000018119812,126
NA,baffin_bay,2007-05-16,-67.22962109123779,75.73570921118771,-587500.0,-1437500.0,5,1.0,0.8510000109672546,136
007,baffin_bay,2007-06-05,-64.79887635452492,74.7568366127483,-562500.0,-1562500.0,6,1.0,0.6349999904632568,156
NA,baffin_bay,2008-06-23,-77.47119229084849,76.51938617983762,-787500.0,-1237500.0,6,0.579,0.5509999990463257,175
008,baffin_bay,2008-07-04,-63.64559412207739,70.33687935349806,-687500.0,-2037500.0,7,1.0,0.6600000262260437,186
NA,baffin_bay,2008-07-04,-85.91438322002513,74.06621558741195,-1137500.0,-1312500.0,7,1.0,0.6349999904632568,186
NA,baffin_bay,2008-07-15,-69.84825296578812,71.21594113905476,-862500.0,-1862500.0,7,1.0,0.6740000247955322,197
NA,baffin_bay,2008-09-05,-85.42607874009914,77.76663966021515,-862500.0,-1012500.0,9,1.0,0.5640000104904175,249
NA,baffin_bay,2009-04-04,-67.45693899994212,80.6554680194628,-387500.0,-937500.0,4,1.0,0.8759999871253967,94
016,baffin_bay,2009-04-26,-69.55045238920742,79.75068045859918,-462500.0,-1012500.0,4,1.0,0.8560000061988831,116
NA,baffin_bay,2010-03-01,-68.19859051364818,80.3552085203289,-412500.0,-962500.0,3,1.0,0.9120000004768372,60
NA,baffin_bay,2010-04-09,-75.21727395738432,77.89172256377847,-662500.0,-1137500.0,4,1.0,0.8709999918937683,99
NA,baffin_bay,2010-09-12,-89.24615166692924,77.64285954255678,-937500.0,-962500.0,9,1.0,0.5059999823570251,255
NA,baffin_bay,2010-09-20,-67.09423034158281,77.47000809263233,-512500.0,-1262500.0,9,0.5,0.75,263
019,baffin_bay,2011-05-06,-72.28420729362306,77.71099327658386,-612500.0,-1187500.0,5,1.0,0.8849999904632568,126
NA,baffin_bay,2011-05-21,-87.07927847899963,74.08579168728893,-1162500.0,-1287500.0,5,1.0,0.7620000243186951,141
NA,baffin_bay,2012-03-13,-55.76814456110783,71.0225374581592,-387500.0,-2037500.0,3,1.0,0.8889999985694885,73
020,baffin_bay,2012-04-19,-79.5792876032055,75.63723535800011,-887500.0,-1287500.0,4,1.0,0.8730000257492065,110
021,baffin_bay,2012-04-22,-72.25532837494306,77.20090337870023,-637500.0,-1237500.0,4,1.0,0.6869999766349792,113
NA,baffin_bay,2012-08-21,-53.23097510119032,71.61488275655518,-287500.0,-1987500.0,8,0.571,0.6200000047683716,234
022,baffin_bay,2013-03-08,-74.81416273779868,78.20371977365892,-637500.0,-1112500.0,3,1.0,0.8450000286102295,67
023,baffin_bay,2014-03-29,-55.92280471986926,70.09851433514446,-412500.0,-2137500.0,3,1.0,0.9120000004768372,88
NA,baffin_bay,2014-06-16,-62.93889386252676,73.2564266467685,-562500.0,-1737500.0,6,1.0,0.7039999961853027,167
NA,baffin_bay,2014-06-16,-60.32691788792218,73.94928535910451,-462500.0,-1687500.0,6,0.92,0.5199999809265137,167
024,baffin_bay,2015-03-12,-81.96428928946521,76.05793463023313,-912500.0,-1212500.0,3,1.0,0.8579999804496765,71
NA,baffin_bay,2015-05-31,-70.9533757023642,75.57197451740649,-687500.0,-1412500.0,5,0.68,0.45899999141693115,151
NA,baffin_bay,2015-07-13,-59.27530652920937,70.07279017283933,-537500.0,-2112500.0,7,0.8,0.5899999737739563,194
NA,baffin_bay,2015-09-26,-79.5792876032055,75.63723535800011,-887500.0,-1287500.0,9,0.444,0.44600000977516174,269
NA,baffin_bay,2016-03-09,-54.293308599397115,70.87953049567186,-337500.0,-2062500.0,3,1.0,0.7879999876022339,69
NA,baffin_bay,2016-04-27,-54.52002186577415,71.32308908566749,-337500.0,-2012500.0,4,1.0,0.5460000038146973,118
NA,baffin_bay,2016-04-29,-71.78290480217515,76.48837249850995,-662500.0,-1312500.0,4,1.0,0.6330000162124634,120
NA,baffin_bay,2016-07-20,-68.74949449286676,80.56548839982806,-412500.0,-937500.0,7,1.0,0.6970000267028809,202
NA,baffin_bay,2017-03-03,-68.89516141507036,80.0535660710315,-437500.0,-987500.0,3,1.0,0.9039999842643738,62
NA,baffin_bay,2017-04-19,-70.70995378081126,79.65342561129911,-487500.0,-1012500.0,4,1.0,0.8569999933242798,109
NA,baffin_bay,2017-05-24,-78.0792614600777,75.07103215101803,-887500.0,-1362500.0,5,0.909,0.42800000309944153,144
NA,baffin_bay,2017-06-06,-62.37892501692447,74.25652167447491,-512500.0,-1637500.0,6,1.0,0.5839999914169312,157
NA,baffin_bay,2017-07-13,-74.05460409907714,72.3157169715812,-937500.0,-1687500.0,7,1.0,0.6460000276565552,194
NA,baffin_bay,2018-03-03,-66.13982480865765,80.74063169110592,-362500.0,-937500.0,3,1.0,0.8679999709129333,62
NA,baffin_bay,2018-09-25,-94.6533515872684,75.98690648138273,-1162500.0,-987500.0,9,1.0,0.7710000276565552,268
NA,baffin_bay,2019-03-24,-72.28420729362306,77.71099327658386,-612500.0,-1187500.0,3,1.0,0.8320000171661377,83
NA,baffin_bay,2019-05-16,-66.37062226934319,75.82015542618574,-562500.0,-1437500.0,5,0.895,0.5350000262260437,136
032,baffin_bay,2019-05-23,-84.23211110208587,73.86538924964248,-1112500.0,-1362500.0,5,1.0,0.8759999871253967,143
033,baffin_bay,2019-09-25,-76.80938928779315,79.30290332206089,-612500.0,-987500.0,9,1.0,0.8220000267028809,268
441,baffin_bay,2020-07-26,-92.09525256462383,76.66772154668719,-1062500.0,-987500.0,7,1.0,0.7889999747276306,208
NA,baffin_bay,2020-07-27,-77.06194368281355,77.65560512052701,-712500.0,-1137500.0,7,0.625,0.5839999914169312,209
NA,baffin_bay,2020-08-24,-90.0,77.16001896279468,-987500.0,-987500.0,8,1.0,0.5680000185966492,237
NA,baffin_bay,2020-09-17,-93.66778805553142,77.29545291605493,-1037500.0,-912500.0,9,1.0,0.8059999942779541,261
NA,baffin_bay,2021-03-22,-79.06618321424422,75.44953510183355,-887500.0,-1312500.0,3,1.0,0.8849999904632568,81
NA,baffin_bay,2021-04-07,-53.615648184164115,70.91450139188586,-312500.0,-2062500.0,4,1.0,0.9120000004768372,97
036,baffin_bay,2021-06-02,-72.18111108547723,75.6736250602886,-712500.0,-1387500.0,6,1.0,0.7580000162124634,153
NA,baffin_bay,2021-06-21,-61.18920625702693,71.53101085456973,-562500.0,-1937500.0,6,0.96,0.7689999938011169,172
NA,baffin_bay,2021-06-26,-69.96898731910227,73.4369525124164,-762500.0,-1637500.0,6,1.0,0.7210000157356262,177
037,baffin_bay,2021-08-04,-68.19859051364818,80.3552085203289,-412500.0,-962500.0,8,1.0,0.6620000004768372,216
NA,baffin_bay,2022-04-30,-53.615648184164115,70.91450139188586,-312500.0,-2062500.0,4,1.0,0.8930000066757202,120
045,baffin_bay,2022-05-30,-73.3611943295737,75.26078556750505,-762500.0,-1412500.0,5,1.0,0.7850000262260437,150
046,baffin_bay,2022-06-17,-79.9579763644705,74.18734019461445,-987500.0,-1412500.0,6,1.0,0.49399998784065247,168
NA,baffin_bay,2022-08-04,-63.012109418251505,70.40742728465615,-662500.0,-2037500.0,8,0.48,0.4860000014305115,216
NA,baffin_bay,2022-08-10,-89.31793960682735,76.35354594035213,-1037500.0,-1062500.0,8,1.0,0.6420000195503235,222
048,baffin_bay,2022-09-11,-91.52752544221292,77.8010134696761,-962500.0,-912500.0,9,1.0,0.5730000138282776,254
NA,barents-kara_seas,2003-03-30,53.498558879493686,79.87489155327356,1087500.0,162500.0,3,1.0,0.9089999794960022,89
049,barents-kara_seas,2003-09-02,75.06858282186246,77.38241922904824,1187500.0,687500.0,9,1.0,0.652999997138977,245
050,barents-kara_seas,2004-05-19,59.39359296849051,76.59724556696548,1412500.0,362500.0,5,0.458,0.3799999952316284,140
NA,barents-kara_seas,2004-08-12,27.323891301346535,79.01154396059906,1137500.0,-362500.0,8,0.652,0.3569999933242798,225
052,barents-kara_seas,2004-09-16,65.94265054998827,80.01651358186676,1012500.0,387500.0,9,0.48,0.4819999933242798,260
NA,barents-kara_seas,2005-05-16,57.13132106663251,77.41988032626132,1337500.0,287500.0,5,1.0,0.7739999890327454,136
NA,barents-kara_seas,2005-06-02,48.964654722856125,78.3561695791558,1262500.0,87500.0,6,1.0,0.5979999899864197,153
NA,barents-kara_seas,2005-06-15,64.13364320590549,72.18479274215356,1837500.0,637500.0,6,1.0,0.718999981880188,166
061,barents-kara_seas,2005-07-18,70.70995378081126,79.65342561129911,1012500.0,487500.0,7,0.8,0.5440000295639038,199
NA,barents-kara_seas,2005-08-31,67.20940915821498,69.1597208486606,2112500.0,862500.0,8,0.438,0.6470000147819519,243
NA,barents-kara_seas,2006-05-24,70.23283132320836,78.93517357895364,1087500.0,512500.0,5,1.0,0.8109999895095825,144
NA,barents-kara_seas,2006-06-03,58.6097318958122,78.75592207069384,1187500.0,287500.0,6,1.0,0.7099999785423279,154
NA,barents-kara_seas,2007-04-10,38.55046529615773,76.70310451984727,1437500.0,-162500.0,4,0.92,0.49000000953674316,100
NA,barents-kara_seas,2007-07-30,58.94059117029002,73.34954438997262,1762500.0,437500.0,7,0.565,0.5509999990463257,211
NA,barents-kara_seas,2008-04-04,51.76617482255306,69.6408408907028,2212500.0,262500.0,4,1.0,0.7910000085830688,95
NA,barents-kara_seas,2008-05-22,73.19130837379315,73.74039804140637,1562500.0,837500.0,5,1.0,0.7139999866485596,143
NA,barents-kara_seas,2008-07-03,65.4925947698703,77.84844086469562,1237500.0,462500.0,7,0.64,0.546999990940094,185
NA,barents-kara_seas,2008-09-06,73.2542494616799,70.91450139188586,1837500.0,987500.0,9,1.0,0.6679999828338623,250
NA,barents-kara_seas,2008-09-29,29.511498557090313,80.08543769912704,1037500.0,-287500.0,9,0.913,0.6710000038146973,273
070,barents-kara_seas,2009-03-02,33.49518467374119,76.7504339106868,1412500.0,-287500.0,3,0.84,0.6439999938011169,61
071,barents-kara_seas,2010-03-11,68.47739989209293,77.592012065461,1237500.0,537500.0,3,0.88,0.5070000290870667,70
NA,barents-kara_seas,2010-04-12,70.88027367006886,77.09894309562077,1262500.0,612500.0,4,1.0,0.8289999961853027,102
NA,barents-kara_seas,2011-05-07,54.93409747035657,69.47827887587407,2212500.0,387500.0,5,0.68,0.5559999942779541,127
072,barents-kara_seas,2011-05-10,53.86462338841079,77.32023765750544,1362500.0,212500.0,5,0.76,0.492000013589859,130
073,barents-kara_seas,2011-06-01,62.24145939893998,72.61040758093598,1812500.0,562500.0,6,0.96,0.5400000214576721,152
NA,barents-kara_seas,2011-06-11,72.57013718233216,75.36731330241837,1412500.0,737500.0,6,0.76,0.5699999928474426,162
074,barents-kara_seas,2011-08-05,63.019769281777144,79.95331911853829,1037500.0,337500.0,8,0.958,0.6589999794960022,217
NA,barents-kara_seas,2011-09-25,73.00917670801385,71.72170996953872,1762500.0,937500.0,9,0.727,0.6399999856948853,268
NA,barents-kara_seas,2012-05-08,73.22877618136957,77.60470379256802,1187500.0,637500.0,5,0.84,0.7300000190734863,129
NA,barents-kara_seas,2012-06-21,60.85192815428696,80.30608534729656,1012500.0,287500.0,6,0.833,0.7049999833106995,173
NA,barents-kara_seas,2013-03-10,53.31764924410641,70.2484269180065,2137500.0,312500.0,3,1.0,0.6909999847412109,69
076,barents-kara_seas,2013-04-22,41.57612875506932,76.53492076460785,1462500.0,-87500.0,4,0.52,0.5509999990463257,112
NA,barents-kara_seas,2013-07-17,81.97276248956804,77.19680887286131,1112500.0,837500.0,7,0.52,0.578000009059906,198
077,barents-kara_seas,2013-09-24,67.20940915821498,69.1597208486606,2112500.0,862500.0,9,0.562,0.45100000500679016,267
079,barents-kara_seas,2014-05-01,60.87594650522258,76.97767857802384,1362500.0,387500.0,5,1.0,0.6190000176429749,121
080,barents-kara_seas,2014-06-21,37.665621198583295,78.28866110333007,1262500.0,-162500.0,6,0.64,0.335999995470047,172
081,barents-kara_seas,2014-07-08,49.707852244372226,80.18168529276582,1062500.0,87500.0,7,0.706,0.5879999995231628,189
082,barents-kara_seas,2015-03-03,56.04890567165475,70.31863356852487,2112500.0,412500.0,3,1.0,0.8180000185966492,62
083,barents-kara_seas,2015-04-26,31.12247019679199,79.92187339683146,1062500.0,-262500.0,4,1.0,0.9129999876022339,116
084,barents-kara_seas,2015-04-28,54.40922140811018,69.73653112317245,2187500.0,362500.0,4,0.64,0.5379999876022339,118
NA,barents-kara_seas,2015-07-07,57.63906244063011,70.66581747716035,2062500.0,462500.0,7,0.3,0.5170000195503235,188
NA,barents-kara_seas,2016-04-13,33.94358701975182,79.7970788154067,1087500.0,-212500.0,4,1.0,0.7450000047683716,104
086,barents-kara_seas,2016-08-29,66.97450799147197,68.9526759275163,2137500.0,862500.0,8,0.6,0.5320000052452087,242
NA,barents-kara_seas,2016-09-12,67.20940915821498,69.1597208486606,2112500.0,862500.0,9,0.438,0.6069999933242798,256
NA,barents-kara_seas,2017-03-19,32.27564431457764,79.03072161162738,1162500.0,-262500.0,3,1.0,0.7960000038146973,78
089,barents-kara_seas,2017-06-21,57.21571913413086,78.58415768279158,1212500.0,262500.0,6,0.84,0.44999998807907104,172
NA,barents-kara_seas,2017-08-04,36.86989764584403,79.42174551432419,1137500.0,-162500.0,8,0.88,0.39899998903274536,216
NA,barents-kara_seas,2018-03-27,67.27026792005532,76.96159799481292,1312500.0,537500.0,3,1.0,0.8560000061988831,86
NA,barents-kara_seas,2018-04-20,47.07003065304111,80.43765149377293,1037500.0,37500.0,4,1.0,0.7070000171661377,110
NA,barents-kara_seas,2018-05-20,48.144957464698024,79.51178039413958,1137500.0,62500.0,5,1.0,0.7239999771118164,140
NA,barents-kara_seas,2018-07-14,65.68069138881708,71.53101085456973,1887500.0,712500.0,7,0.68,0.5379999876022339,195
NA,barents-kara_seas,2018-08-01,65.06570489742342,69.69114338532995,2087500.0,762500.0,8,0.429,0.45899999141693115,213
NA,barents-kara_seas,2018-09-03,66.8605382367883,69.45090611913679,2087500.0,837500.0,9,0.389,0.5389999747276306,246
NA,barents-kara_seas,2019-03-19,54.73698827040275,70.39957513215944,2112500.0,362500.0,3,1.0,0.6980000138282776,78
NA,barents-kara_seas,2019-03-28,63.43494882292202,70.12427439956157,2062500.0,687500.0,3,1.0,0.5740000009536743,87
NA,barents-kara_seas,2019-04-04,71.34211152588045,76.7939733429557,1287500.0,637500.0,4,1.0,0.7300000190734863,94
NA,barents-kara_seas,2019-08-14,32.680554743363395,79.75068045859918,1087500.0,-237500.0,8,0.917,0.6629999876022339,226
NA,barents-kara_seas,2019-08-26,30.510237406115554,79.42174551432419,1112500.0,-287500.0,8,0.8,0.5569999814033508,238
NA,barents-kara_seas,2019-09-15,66.6258356349518,69.24316727568944,2112500.0,837500.0,9,0.562,0.4830000102519989,258
NA,barents-kara_seas,2020-04-07,50.93741609948152,75.57197451740649,1562500.0,162500.0,4,0.96,0.6890000104904175,98
092,barents-kara_seas,2020-07-01,63.83843355798077,79.66361897791533,1062500.0,362500.0,7,0.96,0.8479999899864197,183
NA,barents-kara_seas,2020-08-15,67.20940915821498,69.1597208486606,2112500.0,862500.0,8,0.438,0.5260000228881836,228
NA,barents-kara_seas,2021-06-03,74.67848992513521,77.69392342577358,1162500.0,662500.0,6,0.84,0.6010000109672546,154
NA,barents-kara_seas,2021-07-26,81.57303097851934,76.69523322232378,1162500.0,862500.0,7,0.76,0.6380000114440918,207
095,barents-kara_seas,2021-08-25,66.97450799147197,68.9526759275163,2137500.0,862500.0,8,0.6,0.5220000147819519,237
NA,barents-kara_seas,2022-03-16,51.05898772397835,69.44344767515707,2237500.0,237500.0,3,0.913,0.722000002861023,75
NA,barents-kara_seas,2022-05-29,54.16234704572172,79.16107917916902,1162500.0,187500.0,5,1.0,0.7699999809265137,149
NA,barents-kara_seas,2022-06-24,70.1278241807561,75.66998176376141,1412500.0,662500.0,6,0.92,0.5199999809265137,175
NA,barents-kara_seas,2022-07-17,82.87498365109822,78.19926657188151,1012500.0,787500.0,7,0.56,0.640999972820282,198
NA,barents-kara_seas,2022-09-23,66.6258356349518,69.24316727568944,2112500.0,837500.0,9,0.375,0.4580000042915344,266
NA,beaufort_sea,2003-03-02,-137.26475454822344,69.76432226677822,-2212500.0,87500.0,3,1.0,0.9279999732971191,61
NA,beaufort_sea,2003-04-20,-130.6525430924403,70.3969584999382,-2137500.0,-162500.0,4,1.0,0.9169999957084656,110
098,beaufort_sea,2003-04-22,-125.0316438295262,70.84194606079423,-2062500.0,-362500.0,4,1.0,0.7570000290870667,112
099,beaufort_sea,2003-05-27,-128.74096369487776,72.1471600292256,-1937500.0,-212500.0,5,1.0,0.7749999761581421,147
NA,beaufort_sea,2003-06-03,-137.87836949973402,69.53064607840177,-2237500.0,112500.0,6,1.0,0.8949999809265137,154
107,beaufort_sea,2003-06-16,-133.970845195694,70.89835244968855,-2087500.0,-37500.0,6,0.96,0.6769999861717224,167
108,beaufort_sea,2003-06-21,-134.67991517621832,69.55563390274885,-2237500.0,-12500.0,6,1.0,0.7269999980926514,172
NA,beaufort_sea,2003-09-23,-146.30993247402023,76.52715115354981,-1437500.0,287500.0,9,0.88,0.5559999942779541,266
110,beaufort_sea,2004-04-28,-123.02386755579664,70.71368136655593,-2062500.0,-437500.0,4,1.0,0.9100000262260437,119
NA,beaufort_sea,2004-07-22,-140.4575534851046,71.94595513602093,-1962500.0,187500.0,7,1.0,0.7279999852180481,204
NA,beaufort_sea,2004-09-28,-139.16650488554868,72.65805094008748,-1887500.0,137500.0,9,0.48,0.4059999883174896,272
NA,beaufort_sea,2005-07-23,-145.59733514502358,71.94881269846735,-1937500.0,362500.0,7,1.0,0.8240000009536743,204
NA,beaufort_sea,2005-08-09,-120.85420450589702,75.43878308930115,-1537500.0,-387500.0,8,1.0,0.7549999952316284,221
NA,beaufort_sea,2005-08-26,-140.12316553712816,73.31533756513186,-1812500.0,162500.0,8,1.0,0.8529999852180481,238
NA,beaufort_sea,2006-03-18,-141.19641342910435,69.88862355096322,-2187500.0,237500.0,3,1.0,0.8740000128746033,77
NA,beaufort_sea,2006-05-09,-116.84050953321324,74.90445120146457,-1562500.0,-512500.0,5,1.0,0.8939999938011169,129
NA,beaufort_sea,2006-05-23,-125.21759296819272,73.13925622868288,-1812500.0,-312500.0,5,1.0,0.6299999952316284,143
NA,beaufort_sea,2007-04-20,-139.84400037508067,69.7087811271754,-2212500.0,187500.0,4,1.0,0.8989999890327454,110
NA,beaufort_sea,2007-05-23,-118.26851278712914,70.5414354389891,-2037500.0,-612500.0,5,1.0,0.9279999732971191,143
115,beaufort_sea,2007-07-11,-128.15722658736905,75.54667811712906,-1562500.0,-187500.0,7,1.0,0.8149999976158142,192
442,beaufort_sea,2007-09-02,-139.73343833057547,71.96596819248917,-1962500.0,162500.0,9,0.48,0.3619999885559082,245
NA,beaufort_sea,2008-04-05,-128.5853981926603,70.55726640011108,-2112500.0,-237500.0,4,1.0,0.9229999780654907,96
NA,beaufort_sea,2008-06-16,-150.61584287404872,70.88221812994226,-2012500.0,562500.0,6,1.0,0.671999990940094,168
NA,beaufort_sea,2009-06-08,-130.6012946450045,70.620729228532,-2112500.0,-162500.0,6,0.72,0.4050000011920929,159
NA,beaufort_sea,2009-09-11,-139.80795396303046,77.65560512052701,-1337500.0,112500.0,9,0.84,0.7020000219345093,254
116,beaufort_sea,2010-03-30,-116.01678294077378,74.83217276492898,-1562500.0,-537500.0,3,1.0,0.9150000214576721,89
NA,beaufort_sea,2010-07-08,-131.39872188277656,73.5752989316775,-1787500.0,-112500.0,7,1.0,0.7269999980926514,189
NA,beaufort_sea,2010-08-18,-151.55707137563667,76.69523322232378,-1387500.0,412500.0,8,1.0,0.4830000102519989,230
118,beaufort_sea,2010-09-25,-139.55376797915864,76.9736565092582,-1412500.0,112500.0,9,1.0,0.8140000104904175,268
119,beaufort_sea,2011-06-08,-128.43123587817888,71.003583622892,-2062500.0,-237500.0,6,1.0,0.37700000405311584,159
NA,beaufort_sea,2011-09-24,-153.434948822922,77.27895742894742,-1312500.0,437500.0,9,0.52,0.39500001072883606,267
NA,beaufort_sea,2012-05-11,-125.47533202821,72.69387464542868,-1862500.0,-312500.0,5,1.0,0.5210000276565552,132
NA,beaufort_sea,2012-05-13,-126.66563548264216,71.8377223012713,-1962500.0,-287500.0,5,0.913,0.46700000762939453,134
NA,beaufort_sea,2012-09-07,-105.56151032532848,76.67557602743443,-1262500.0,-712500.0,9,1.0,0.7400000095367432,251
NA,beaufort_sea,2013-09-26,-136.0809241866607,71.7980197587983,-1987500.0,37500.0,9,1.0,0.6600000262260437,269
NA,beaufort_sea,2014-06-16,-135.33505921860913,70.45198691108551,-2137500.0,12500.0,6,1.0,0.6800000071525574,167
NA,beaufort_sea,2014-08-03,-125.8926656877456,74.777344181454,-1637500.0,-262500.0,8,0.958,0.5479999780654907,215
122,beaufort_sea,2014-08-18,-116.84050953321324,74.90445120146457,-1562500.0,-512500.0,8,1.0,0.8669999837875366,230
NA,beaufort_sea,2014-09-05,-155.96571184055742,76.83368387171178,-1337500.0,512500.0,9,0.76,0.6150000095367432,248
NA,beaufort_sea,2015-04-27,-136.60002471514775,69.54813408459246,-2237500.0,62500.0,4,1.0,0.7829999923706055,117
NA,beaufort_sea,2015-04-27,-122.36093755936987,70.66581747716035,-2062500.0,-462500.0,4,1.0,0.8180000185966492,117
NA,beaufort_sea,2015-07-10,-118.5324532069973,71.03608833516532,-1987500.0,-587500.0,7,0.85,0.6100000143051147,191
NA,beaufort_sea,2015-07-30,-135.55625222708068,78.15482914358479,-1287500.0,12500.0,7,1.0,0.6819999814033508,211
NA,beaufort_sea,2016-03-01,-139.95544894005224,70.15523406513236,-2162500.0,187500.0,3,1.0,0.8460000157356262,61
NA,beaufort_sea,2016-03-10,-127.83276127148022,70.75366556255838,-2087500.0,-262500.0,3,1.0,0.9049999713897705,70
NA,beaufort_sea,2016-03-11,-129.80557109226518,71.04964959010793,-2062500.0,-187500.0,3,1.0,0.906000018119812,71
NA,beaufort_sea,2016-04-07,-139.2484545293613,69.94980958328809,-2187500.0,162500.0,4,1.0,0.8519999980926514,98
NA,beaufort_sea,2016-05-21,-142.61854648756895,71.86898212087108,-1962500.0,262500.0,5,1.0,0.6700000166893005,142
NA,beaufort_sea,2017-04-08,-140.67741666204537,70.35775401879738,-2137500.0,212500.0,4,1.0,0.8610000014305115,98
132,beaufort_sea,2017-05-25,-125.8376529542783,72.02614964299937,-1937500.0,-312500.0,5,1.0,0.5130000114440918,145
NA,beaufort_sea,2017-06-05,-120.18368065722235,71.65135427984181,-1937500.0,-512500.0,6,0.867,0.625,156
NA,beaufort_sea,2017-06-26,-138.3664606634298,72.44767837918818,-1912500.0,112500.0,6,0.96,0.6299999952316284,177
NA,beaufort_sea,2017-08-21,-126.6456491646203,73.43382242142332,-1787500.0,-262500.0,8,1.0,0.6480000019073486,233
NA,beaufort_sea,2017-08-26,-158.66314070819436,78.82161953457607,-1112500.0,487500.0,8,1.0,0.6259999871253967,238
134,beaufort_sea,2017-09-25,-148.07912378006682,78.31111945065037,-1237500.0,287500.0,9,0.6,0.5630000233650208,268
NA,beaufort_sea,2018-08-13,-126.66563548264216,71.8377223012713,-1962500.0,-287500.0,8,1.0,0.7210000157356262,225
NA,beaufort_sea,2019-03-18,-128.43123587817888,71.003583622892,-2062500.0,-237500.0,3,1.0,0.9089999794960022,77
137,beaufort_sea,2019-03-19,-129.11755440990464,71.02795656503653,-2062500.0,-212500.0,3,1.0,0.9240000247955322,78
NA,beaufort_sea,2019-03-25,-129.18751761688728,70.804440534365,-2087500.0,-212500.0,3,1.0,0.9459999799728394,84
NA,beaufort_sea,2019-05-24,-129.40066066347944,72.3947678632918,-1912500.0,-187500.0,5,1.0,0.7070000171661377,144
139,beaufort_sea,2019-08-08,-131.39872188277656,73.5752989316775,-1787500.0,-112500.0,8,1.0,0.675000011920929,220
NA,beaufort_sea,2020-06-21,-146.70057946281582,70.27439800911385,-2112500.0,437500.0,6,1.0,0.7289999723434448,173
140,beaufort_sea,2020-07-08,-142.5729486405434,70.05737285048592,-2162500.0,287500.0,7,1.0,0.47600001096725464,190
141,beaufort_sea,2020-08-08,-150.17992743452623,74.66490739686482,-1612500.0,437500.0,8,1.0,0.6439999938011169,221
142,beaufort_sea,2021-04-27,-140.61220322932488,70.13458850929605,-2162500.0,212500.0,4,1.0,0.8690000176429749,117
NA,beaufort_sea,2021-07-01,-127.65877418863585,71.19951479004544,-2037500.0,-262500.0,7,0.68,0.4399999976158142,182
144,beaufort_sea,2021-07-18,-136.7569883099082,71.34239041021729,-2037500.0,62500.0,7,0.92,0.781000018119812,199
145,beaufort_sea,2022-03-02,-141.34019174590992,70.33427169714388,-2137500.0,237500.0,3,1.0,0.8870000243186951,61
146,beaufort_sea,2022-05-23,-132.68293761412866,70.21212906168073,-2162500.0,-87500.0,5,1.0,0.9070000052452087,143
NA,beaufort_sea,2022-07-14,-148.94572888364723,72.41826279379687,-1862500.0,462500.0,7,1.0,0.8399999737739563,195
NA,bering_strait,2003-05-02,-177.3974377975002,65.22113240670635,-2012500.0,1837500.0,5,1.0,0.9020000100135803,122
NA,bering_strait,2003-06-10,-176.61144300927648,65.51648620964119,-2012500.0,1787500.0,6,1.0,0.6800000071525574,161
NA,bering_strait,2003-08-04,-177.06432655357884,71.04964959010793,-1537500.0,1387500.0,8,1.0,0.5690000057220459,216
NA,bering_strait,2004-03-28,-174.61629832318823,59.411564255219915,-2612500.0,2162500.0,3,0.56,0.4659999907016754,88
155,bering_strait,2004-06-20,-168.41938081777187,69.87844540882928,-1837500.0,1212500.0,6,0.52,0.48500001430511475,172
157,bering_strait,2005-03-03,-171.7405620201212,60.00562854443666,-2662500.0,1987500.0,3,0.96,0.6439999938011169,62
NA,bering_strait,2005-06-28,-165.3355385115889,72.0923095427591,-1687500.0,987500.0,6,0.64,0.7680000066757202,179
158,bering_strait,2005-07-05,-170.13419305691565,71.11761231909615,-1687500.0,1187500.0,7,0.96,0.7310000061988831,186
449,bering_strait,2005-07-09,-164.33789365467393,72.00893308869686,-1712500.0,962500.0,7,0.84,0.6069999933242798,190
NA,bering_strait,2006-03-24,-167.67025036492768,60.10165052506417,-2787500.0,1787500.0,3,1.0,0.8970000147819519,83
NA,bering_strait,2006-08-08,-170.5376777919744,71.30105650119238,-1662500.0,1187500.0,8,0.68,0.45399999618530273,220
NA,bering_strait,2007-07-18,-179.25107821717617,65.39990753440986,-1937500.0,1887500.0,7,0.267,0.7319999933242798,199
443,bering_strait,2007-07-27,-179.61803379527095,65.87000669388078,-1887500.0,1862500.0,7,0.571,0.8920000195503235,208
NA,bering_strait,2008-04-01,-173.54118362128133,64.30931356951757,-2212500.0,1762500.0,4,1.0,0.8080000281333923,92
163,bering_strait,2008-04-18,-169.77314229365865,58.60837596513459,-2862500.0,1987500.0,4,0.96,0.8190000057220459,109
NA,bering_strait,2008-04-24,179.67071753615332,62.14467179406488,-2162500.0,2187500.0,4,0.87,0.6039999723434448,115
450,bering_strait,2008-05-07,-178.35402250243595,62.13404812631506,-2237500.0,2112500.0,5,1.0,0.7910000085830688,128
NA,bering_strait,2008-06-02,-174.77779805541323,60.18494670470478,-2537500.0,2112500.0,6,0.68,0.3440000116825104,154
NA,bering_strait,2008-07-01,-164.18862906986155,71.003583622892,-1812500.0,1012500.0,7,1.0,0.7509999871253967,183
NA,bering_strait,2008-08-02,-168.584160475593,72.81084777526554,-1562500.0,1037500.0,8,1.0,0.460999995470047,215
165,bering_strait,2009-05-23,-171.17962044797895,61.824479163964654,-2512500.0,1837500.0,5,1.0,0.5299999713897705,143
168,bering_strait,2011-03-19,-177.3523703347078,62.27074227899072,-2262500.0,2062500.0,3,0.76,0.5770000219345093,78
NA,bering_strait,2011-04-29,-176.80244222614914,61.33310172214438,-2362500.0,2112500.0,4,1.0,0.7990000247955322,119
NA,bering_strait,2011-05-19,-167.8509083925587,66.29308054399003,-2187500.0,1412500.0,5,1.0,0.675000011920929,139
451,bering_strait,2011-06-14,-164.96956947656673,71.89745002129715,-1712500.0,987500.0,6,0.92,0.7170000076293945,165
448,bering_strait,2011-07-15,-162.43498531270703,66.52820938656589,-2287500.0,1187500.0,7,0.714,0.5659999847412109,196
445,bering_strait,2011-08-04,-171.39551840690734,65.2880031327072,-2187500.0,1612500.0,8,0.312,0.6919999718666077,216
NA,bering_strait,2011-08-07,-174.05313694602648,66.68786885867442,-1987500.0,1612500.0,8,0.333,0.8500000238418579,219
NA,bering_strait,2012-04-07,-167.34149069120235,59.44014816238609,-2862500.0,1812500.0,4,1.0,0.9129999876022339,98
NA,bering_strait,2012-04-26,-174.0094052820752,63.86303037353595,-2237500.0,1812500.0,4,1.0,0.7630000114440918,117
170,bering_strait,2012-05-13,-169.13918537836267,61.96997611243771,-2562500.0,1737500.0,5,1.0,0.6570000052452087,134
171,bering_strait,2012-05-23,-168.3565685012383,62.99920350261355,-2487500.0,1637500.0,5,0.957,0.4519999921321869,144
172,bering_strait,2012-06-07,-172.17864789562506,60.65389165183929,-2587500.0,1962500.0,6,1.0,0.4560000002384186,159
NA,bering_strait,2012-07-07,-167.41703750592308,71.4308980858915,-1712500.0,1087500.0,7,1.0,0.7120000123977661,189
NA,bering_strait,2012-07-15,-170.85291961512485,70.6737859541352,-1712500.0,1237500.0,7,0.8,0.5680000185966492,197
NA,bering_strait,2013-03-11,-174.67176521802017,59.10862417279566,-2637500.0,2187500.0,3,0.56,0.675000011920929,70
176,bering_strait,2013-04-23,-172.80376457091864,58.23860957981134,-2787500.0,2162500.0,4,0.8,0.6819999814033508,113
444,bering_strait,2013-08-06,-164.69386102591014,74.02713895156538,-1512500.0,862500.0,8,1.0,0.5059999823570251,218
NA,bering_strait,2014-03-28,-165.4318481308456,60.78088504664147,-2787500.0,1637500.0,3,1.0,0.7409999966621399,87
NA,bering_strait,2014-05-24,-168.7655559928579,66.05000459208247,-2187500.0,1462500.0,5,1.0,0.4350000023841858,144
NA,bering_strait,2014-06-25,-165.03784474567345,70.58632586199631,-1837500.0,1062500.0,6,0.88,0.5870000123977661,176
NA,bering_strait,2014-07-18,-178.56790381583536,70.59161442347086,-1537500.0,1462500.0,7,0.5,0.46399998664855957,199
178,bering_strait,2015-03-20,-173.08877288097534,63.348725922335845,-2312500.0,1812500.0,3,1.0,0.6019999980926514,79
179,bering_strait,2016-04-15,-165.96375653207352,60.37378491297163,-2812500.0,1687500.0,4,0.833,0.5770000219345093,106
NA,bering_strait,2016-05-23,-167.59258147259928,65.31033852865646,-2287500.0,1462500.0,5,0.611,0.4339999854564667,144
NA,bering_strait,2016-08-01,-165.44642720928746,72.59554736559004,-1637500.0,962500.0,8,0.52,0.4959999918937683,214
NA,bering_strait,2017-03-31,-173.21829646353146,60.25703111081032,-2587500.0,2037500.0,3,1.0,0.7730000019073486,90
NA,bering_strait,2018-06-09,-174.51640955553555,69.71382352806802,-1712500.0,1412500.0,6,0.68,0.6790000200271606,160
187,bering_strait,2018-07-23,-165.44642720928746,72.59554736559004,-1637500.0,962500.0,7,0.64,0.4659999907016754,204
NA,bering_strait,2018-08-07,-162.77656380886853,73.035143580714,-1637500.0,862500.0,8,0.52,0.4090000092983246,219
NA,bering_strait,2020-04-02,-170.4857794551598,60.99286267888758,-2612500.0,1862500.0,4,1.0,0.7710000276565552,93
NA,bering_strait,2020-04-30,-166.04355561628824,62.12342913621948,-2637500.0,1587500.0,4,1.0,0.5709999799728394,121
NA,bering_strait,2020-05-01,-171.50562421019103,64.97965613589197,-2212500.0,1637500.0,5,1.0,0.7599999904632568,122
192,bering_strait,2020-06-28,-164.26119856255056,71.5059284199646,-1762500.0,987500.0,6,0.84,0.593999981880188,180
NA,bering_strait,2020-08-04,-164.29136217098426,73.83003244899686,-1537500.0,862500.0,8,1.0,0.5519999861717224,217
NA,bering_strait,2021-05-24,-169.1669536080293,63.54518751776884,-2412500.0,1637500.0,5,0.95,0.6140000224113464,144
NA,bering_strait,2021-06-13,-165.27702493824978,67.17870999900502,-2162500.0,1262500.0,6,0.64,0.5410000085830688,164
NA,bering_strait,2022-03-22,-171.99085970296278,58.02854497060028,-2837500.0,2137500.0,3,0.64,0.6349999904632568,81
NA,bering_strait,2022-03-28,-161.90274341328654,64.1621546242948,-2537500.0,1287500.0,3,1.0,0.7910000085830688,87
NA,bering_strait,2022-08-05,-171.9267951241748,67.05931999944139,-2012500.0,1512500.0,8,0.5,0.6639999747276306,217
NA,chukchi-east_siberian_sea,2003-06-17,154.82647547546983,72.10961143697614,-662500.0,1837500.0,6,1.0,0.8669999837875366,168
NA,chukchi-east_siberian_sea,2003-09-28,165.96375653207352,79.93234417477997,-562500.0,937500.0,9,1.0,0.8450000286102295,271
196,chukchi-east_siberian_sea,2004-07-17,168.7775419305552,69.25793094662976,-1262500.0,1887500.0,7,1.0,0.4749999940395355,199
NA,chukchi-east_siberian_sea,2005-03-22,174.33629374197946,70.34470455681678,-1362500.0,1662500.0,3,1.0,0.9020000100135803,81
NA,chukchi-east_siberian_sea,2005-04-30,-179.48844413341297,71.86898212087108,-1412500.0,1387500.0,4,1.0,0.875,120
NA,chukchi-east_siberian_sea,2005-07-26,178.56790381583534,70.59161442347086,-1462500.0,1537500.0,7,0.652,0.5450000166893005,207
198,chukchi-east_siberian_sea,2005-07-30,178.76802259736027,74.90445120146457,-1137500.0,1187500.0,7,1.0,0.6819999814033508,211
199,chukchi-east_siberian_sea,2006-06-11,154.51079944371327,74.54322462696989,-562500.0,1587500.0,6,1.0,0.6859999895095825,162
NA,chukchi-east_siberian_sea,2006-08-06,175.05403345289582,73.08405345375324,-1187500.0,1412500.0,8,1.0,0.6610000133514404,218
200,chukchi-east_siberian_sea,2006-09-27,-173.59564727361587,74.0076382307174,-1362500.0,1087500.0,9,0.96,0.5230000019073486,270
NA,chukchi-east_siberian_sea,2007-03-26,164.45019583029838,70.69771257849928,-1037500.0,1837500.0,3,1.0,0.9179999828338623,85
446,chukchi-east_siberian_sea,2007-03-26,165.03784474567345,70.58632586199631,-1062500.0,1837500.0,3,1.0,0.9269999861717224,85
202,chukchi-east_siberian_sea,2007-07-23,158.81865049973374,76.06543314580152,-612500.0,1387500.0,7,1.0,0.5,204
NA,chukchi-east_siberian_sea,2007-09-16,170.1722759888369,69.18913105282786,-1312500.0,1862500.0,9,0.667,0.5680000185966492,259
NA,chukchi-east_siberian_sea,2008-06-03,147.06130945704444,76.2580804048761,-312500.0,1462500.0,6,1.0,0.9020000100135803,155
NA,chukchi-east_siberian_sea,2008-08-08,169.87532834460217,76.14064994132352,-862500.0,1237500.0,8,1.0,0.7170000076293945,221
NA,chukchi-east_siberian_sea,2008-08-23,-175.3800765183396,73.89437823611911,-1337500.0,1137500.0,8,0.68,0.3889999985694885,236
NA,chukchi-east_siberian_sea,2009-05-06,174.8479182977938,70.20177141223519,-1387500.0,1662500.0,5,1.0,0.9390000104904175,126
NA,chukchi-east_siberian_sea,2009-05-18,174.7625239331875,70.5177149186859,-1362500.0,1637500.0,5,1.0,0.8740000128746033,138
NA,chukchi-east_siberian_sea,2009-05-28,175.78090465075152,70.22767649651502,-1412500.0,1637500.0,5,1.0,0.9070000052452087,148
NA,chukchi-east_siberian_sea,2009-06-08,175.95041829672863,71.66540239165771,-1312500.0,1512500.0,6,1.0,0.8460000157356262,159
206,chukchi-east_siberian_sea,2009-09-03,-177.6140559696112,78.27969013699676,-937500.0,862500.0,9,1.0,0.49300000071525574,246
NA,chukchi-east_siberian_sea,2010-08-21,176.5935562450053,76.33057117037956,-987500.0,1112500.0,8,1.0,0.5370000004768372,233
208,chukchi-east_siberian_sea,2010-09-29,170.85835977647508,75.69185601903224,-912500.0,1262500.0,9,1.0,0.8550000190734863,272
NA,chukchi-east_siberian_sea,2011-07-05,-175.72415888737106,72.61933017213633,-1437500.0,1237500.0,7,1.0,0.8169999718666077,186
NA,chukchi-east_siberian_sea,2011-07-15,153.65363394234498,71.04693650781269,-662500.0,1962500.0,7,0.688,0.6389999985694885,196
NA,chukchi-east_siberian_sea,2012-05-18,151.65430637692333,75.97572565501535,-437500.0,1462500.0,5,1.0,0.7710000276565552,139
NA,chukchi-east_siberian_sea,2012-08-10,170.0493733120484,80.5766880560292,-587500.0,837500.0,8,1.0,0.7440000176429749,223
NA,chukchi-east_siberian_sea,2012-08-16,158.40468955103228,81.59018585110448,-362500.0,837500.0,8,1.0,0.4580000042915344,229
NA,chukchi-east_siberian_sea,2013-07-17,156.27160892404746,73.88148747666128,-637500.0,1637500.0,7,1.0,0.609000027179718,198
NA,chukchi-east_siberian_sea,2013-09-27,172.80076636163233,74.46600510476362,-1037500.0,1337500.0,9,1.0,0.7940000295639038,270
221,chukchi-east_siberian_sea,2014-04-27,152.2717425776809,75.69185601903224,-462500.0,1487500.0,4,1.0,0.9139999747276306,117
222,chukchi-east_siberian_sea,2014-05-11,146.86439045128114,76.03546416302942,-312500.0,1487500.0,5,1.0,0.7770000100135803,131
NA,chukchi-east_siberian_sea,2014-06-22,152.13299615034313,74.04015333423119,-512500.0,1662500.0,6,1.0,0.8119999766349792,173
223,chukchi-east_siberian_sea,2014-08-08,-172.2596588411621,73.15462423928713,-1462500.0,1112500.0,8,0.8,0.5519999861717224,220
NA,chukchi-east_siberian_sea,2015-06-14,173.91766330671794,70.17073343697962,-1362500.0,1687500.0,6,1.0,0.8569999933242798,165
225,chukchi-east_siberian_sea,2015-06-30,150.64224645720873,75.10248262521975,-437500.0,1562500.0,6,1.0,0.6869999766349792,181
NA,chukchi-east_siberian_sea,2015-09-24,-179.31793960682734,76.35354594035213,-1062500.0,1037500.0,9,0.84,0.4339999854564667,267
NA,chukchi-east_siberian_sea,2016-05-19,149.60127228583394,75.87921029167853,-387500.0,1487500.0,5,1.0,0.8640000224113464,140
226,chukchi-east_siberian_sea,2016-05-25,148.26648084658368,75.49262615378512,-362500.0,1537500.0,5,1.0,0.734000027179718,146
NA,chukchi-east_siberian_sea,2016-08-27,179.43829466743344,73.46515143473125,-1262500.0,1287500.0,8,1.0,0.621999979019165,240
NA,chukchi-east_siberian_sea,2017-03-28,153.18365315571305,73.47142474727815,-562500.0,1712500.0,3,1.0,0.9240000247955322,87
NA,chukchi-east_siberian_sea,2017-03-28,153.18365315571305,73.47142474727815,-562500.0,1712500.0,3,1.0,0.9240000247955322,87
NA,chukchi-east_siberian_sea,2017-03-28,153.18365315571305,73.47142474727815,-562500.0,1712500.0,3,1.0,0.9240000247955322,87
NA,chukchi-east_siberian_sea,2017-03-30,152.93889386252675,73.2564266467685,-562500.0,1737500.0,3,1.0,0.8529999852180481,89
229,chukchi-east_siberian_sea,2017-04-17,174.33629374197946,70.34470455681678,-1362500.0,1662500.0,4,1.0,0.8899999856948853,107
NA,chukchi-east_siberian_sea,2017-04-27,171.00285657893494,70.36036503100249,-1262500.0,1737500.0,4,1.0,0.6100000143051147,117
NA,chukchi-east_siberian_sea,2017-05-31,170.13419305691565,71.11761231909615,-1187500.0,1687500.0,5,0.88,0.48100000619888306,151
NA,chukchi-east_siberian_sea,2017-06-11,158.3944727573615,72.40651116744893,-762500.0,1762500.0,6,1.0,0.7009999752044678,162
NA,chukchi-east_siberian_sea,2017-06-16,178.51854282911293,71.22690057963595,-1412500.0,1487500.0,6,1.0,0.7039999961853027,167
447,chukchi-east_siberian_sea,2018-04-22,150.49927537650083,75.82015542618574,-412500.0,1487500.0,4,1.0,0.9399999976158142,112
NA,chukchi-east_siberian_sea,2018-07-12,176.7295120768164,72.9590188007359,-1237500.0,1387500.0,7,1.0,0.7590000033378601,193
232,chukchi-east_siberian_sea,2018-08-09,176.14319901441013,75.51782426482085,-1037500.0,1187500.0,8,1.0,0.7289999723434448,221
234,chukchi-east_siberian_sea,2018-08-28,-173.418055344822,77.2378149436017,-1087500.0,862500.0,8,1.0,0.4269999861717224,240
NA,chukchi-east_siberian_sea,2018-09-09,167.54175355999507,75.69915517183861,-837500.0,1312500.0,9,1.0,0.6859999895095825,252
NA,chukchi-east_siberian_sea,2019-04-19,146.6737103128848,75.8127915311351,-312500.0,1512500.0,4,1.0,0.9319999814033508,109
NA,chukchi-east_siberian_sea,2019-04-19,146.6737103128848,75.8127915311351,-312500.0,1512500.0,4,1.0,0.9319999814033508,109
NA,chukchi-east_siberian_sea,2019-04-29,-179.48844413341297,71.86898212087108,-1412500.0,1387500.0,4,1.0,0.8820000290870667,119
238,chukchi-east_siberian_sea,2019-06-15,154.94238458169698,76.1935547516979,-512500.0,1412500.0,6,1.0,0.7129999995231628,166
NA,chukchi-east_siberian_sea,2019-09-02,174.19327309446842,80.34427026749903,-662500.0,812500.0,9,1.0,0.5049999952316284,245
NA,chukchi-east_siberian_sea,2020-03-02,148.94059117029002,73.34954438997262,-437500.0,1762500.0,3,1.0,0.9480000138282776,62
240,chukchi-east_siberian_sea,2020-03-03,148.94059117029002,73.34954438997262,-437500.0,1762500.0,3,1.0,0.9269999861717224,63
241,chukchi-east_siberian_sea,2020-03-30,168.97046877601952,70.56254646642313,-1187500.0,1762500.0,3,1.0,0.8949999809265137,90
NA,chukchi-east_siberian_sea,2021-04-24,169.14989537020264,70.25102237194368,-1212500.0,1787500.0,4,1.0,0.906000018119812,114
NA,chukchi-east_siberian_sea,2021-04-27,169.5257651717742,70.43624751862181,-1212500.0,1762500.0,4,1.0,0.9390000104904175,117
NA,chukchi-east_siberian_sea,2021-05-01,144.07149757717718,76.15952043024642,-237500.0,1487500.0,5,1.0,0.9520000219345093,121
NA,chukchi-east_siberian_sea,2021-07-07,149.50664159752432,73.07487147844573,-462500.0,1787500.0,7,0.68,0.4410000145435333,188
NA,chukchi-east_siberian_sea,2021-07-31,169.65514251852477,69.31709999006468,-1287500.0,1862500.0,7,0.429,0.5899999737739563,212
NA,chukchi-east_siberian_sea,2021-09-07,-165.80890345097603,75.43161967284355,-1362500.0,812500.0,9,1.0,0.6930000185966492,250
244,chukchi-east_siberian_sea,2022-05-20,151.13284053048537,75.53945903477262,-437500.0,1512500.0,5,1.0,0.9259999990463257,140
NA,greenland_sea,2003-06-30,-11.154659738928297,78.23047533261519,712500.0,-1062500.0,6,1.0,0.6759999990463257,181
NA,greenland_sea,2003-07-19,-6.088528154195171,77.73664392290516,837500.0,-1037500.0,7,0.96,0.4950000047683716,200
NA,greenland_sea,2003-07-25,-10.124671655397815,76.14064994132352,862500.0,-1237500.0,7,0.68,0.4869999885559082,206
245,greenland_sea,2003-08-07,4.467159061389275,79.55205034437945,862500.0,-737500.0,8,0.76,0.5379999876022339,219
NA,greenland_sea,2003-09-21,2.8624052261117514,80.21937556364675,787500.0,-712500.0,9,0.84,0.6069999933242798,264
NA,greenland_sea,2003-09-21,-6.241914347415046,79.52183306133418,712500.0,-887500.0,9,1.0,0.5180000066757202,264
NA,greenland_sea,2004-05-17,-0.987760399639806,80.55430225368256,712500.0,-737500.0,5,0.96,0.7450000047683716,138
247,greenland_sea,2004-06-23,0.8951737102110717,79.58235715188954,812500.0,-787500.0,6,0.52,0.574999988079071,175
NA,greenland_sea,2004-06-25,-21.60552724263848,72.40651116744893,762500.0,-1762500.0,6,1.0,0.7379999756813049,177
NA,greenland_sea,2004-08-14,-17.35402463626132,76.3842414771966,687500.0,-1312500.0,8,1.0,0.45899999141693115,227
NA,greenland_sea,2005-04-29,23.82426058289543,76.32674593250765,1387500.0,-537500.0,4,1.0,0.6859999895095825,119
NA,greenland_sea,2005-05-01,-12.778733188406036,73.87182651365053,937500.0,-1487500.0,5,0.92,0.5379999876022339,121
NA,greenland_sea,2005-06-28,-16.484453189535667,73.43382242142332,862500.0,-1587500.0,6,0.64,0.5590000152587891,179
NA,greenland_sea,2005-08-09,-9.963804189907174,77.78381412143706,762500.0,-1087500.0,8,1.0,0.5680000185966492,221
255,greenland_sea,2005-09-19,-19.925580658184323,76.1784176523337,637500.0,-1362500.0,9,1.0,0.6259999871253967,262
256,greenland_sea,2006-06-16,-9.13017648227869,80.76347686311696,587500.0,-812500.0,6,1.0,0.6439999938011169,167
NA,greenland_sea,2007-03-15,20.394876082048384,76.48063059177595,1337500.0,-612500.0,3,0.92,0.6159999966621399,74
NA,greenland_sea,2007-03-22,15.668160421752498,76.16707610496509,1312500.0,-737500.0,3,0.458,0.40799999237060547,81
NA,greenland_sea,2007-04-15,22.932100437589774,76.24286965712207,1387500.0,-562500.0,4,0.96,0.5,105
NA,greenland_sea,2007-05-05,-17.942447089158673,72.12981948905407,887500.0,-1737500.0,5,0.96,0.6610000133514404,125
NA,greenland_sea,2007-08-13,-14.845452082083824,76.05418694202511,762500.0,-1312500.0,8,0.88,0.574999988079071,225
NA,greenland_sea,2007-09-17,-14.400021306791052,77.57933369779013,687500.0,-1162500.0,9,1.0,0.8240000009536743,260
NA,greenland_sea,2008-04-24,22.41614747934365,75.94595528129449,1412500.0,-587500.0,4,1.0,0.7599999904632568,115
NA,greenland_sea,2008-08-13,-5.5054778579783505,76.45357000972488,937500.0,-1137500.0,8,0.88,0.42800000309944153,226
NA,greenland_sea,2008-08-13,-7.640406761026755,76.5582575023497,887500.0,-1162500.0,8,0.72,0.44600000977516174,226
NA,greenland_sea,2008-09-21,-3.17983011986423,81.19097591229836,637500.0,-712500.0,9,1.0,0.6510000228881836,265
258,greenland_sea,2009-03-14,12.042575142884989,77.5329599885405,1137500.0,-737500.0,3,0.417,0.3970000147819519,73
NA,greenland_sea,2009-06-28,-5.640549432156819,76.77416431399567,912500.0,-1112500.0,6,0.56,0.4090000092983246,179
NA,greenland_sea,2009-07-17,1.709814044141536,79.0932873519822,862500.0,-812500.0,7,0.6,0.7590000033378601,198
NA,greenland_sea,2010-03-25,-14.76919853029163,71.58967837983718,1012500.0,-1737500.0,3,0.8,0.7379999756813049,84
NA,greenland_sea,2010-06-17,-12.85809017299818,74.6886854648376,887500.0,-1412500.0,6,0.6,0.503000020980835,168
261,greenland_sea,2010-07-28,-9.806092759897089,76.64418678475745,837500.0,-1187500.0,7,1.0,0.5249999761581421,209
NA,greenland_sea,2010-08-12,2.9609361341637532,80.54312956964341,762500.0,-687500.0,8,0.72,0.5659999847412109,224
NA,greenland_sea,2010-09-26,0.0,79.09811532187727,837500.0,-837500.0,9,0.52,0.6729999780654907,269
263,greenland_sea,2012-04-06,-4.573921259900861,77.76663966021515,862500.0,-1012500.0,4,0.92,0.7170000076293945,97
NA,greenland_sea,2012-04-13,-13.27064387640368,72.3625165522247,1012500.0,-1637500.0,4,0.52,0.45399999618530273,104
270,greenland_sea,2012-05-08,21.80140948635181,76.8735186283378,1312500.0,-562500.0,5,0.625,0.42100000381469727,129
NA,greenland_sea,2013-03-21,11.113040535948304,80.70647098784093,837500.0,-562500.0,3,0.6,0.7139999866485596,80
NA,greenland_sea,2013-03-29,-7.460566126168348,76.23906969467603,912500.0,-1187500.0,3,0.96,0.6769999861717224,88
273,greenland_sea,2013-05-21,-1.4878675288277772,77.47838283313693,937500.0,-987500.0,5,0.48,0.4490000009536743,141
NA,greenland_sea,2014-04-01,-11.633633998940438,73.12390299493046,1012500.0,-1537500.0,4,0.52,0.45100000500679016,91
275,greenland_sea,2015-04-05,16.50436138175503,76.27711842801723,1312500.0,-712500.0,4,0.542,0.41499999165534973,95
276,greenland_sea,2015-04-30,-7.640406761026755,76.5582575023497,887500.0,-1162500.0,4,0.76,0.7379999756813049,120
277,greenland_sea,2015-05-13,-2.3215305898327165,77.95694517206176,887500.0,-962500.0,5,0.52,0.5680000185966492,133
NA,greenland_sea,2015-05-21,-12.85809017299818,74.6886854648376,887500.0,-1412500.0,5,0.88,0.6150000095367432,141
NA,greenland_sea,2016-05-08,17.31164610884658,76.89348294614983,1262500.0,-662500.0,5,0.316,0.5,129
NA,greenland_sea,2016-07-18,-10.23480276342321,78.10172929561503,737500.0,-1062500.0,7,1.0,0.6869999766349792,200
NA,greenland_sea,2016-07-18,-14.511059500169065,75.74303171599253,787500.0,-1337500.0,7,0.68,0.6150000095367432,200
279,greenland_sea,2016-08-11,-1.8183029644518331,79.74039879126664,762500.0,-812500.0,8,1.0,0.656000018119812,224
NA,greenland_sea,2017-04-06,5.440332031005511,79.69937685934822,862500.0,-712500.0,4,0.84,0.6299999952316284,96
NA,greenland_sea,2017-04-24,-10.551809506192283,73.18540475342095,1037500.0,-1512500.0,4,0.6,0.5619999766349792,114
NA,greenland_sea,2017-06-26,-15.403424962469622,73.52170184746252,887500.0,-1562500.0,6,0.88,0.5299999713897705,177
NA,greenland_sea,2017-07-12,-16.10130239915842,73.63225026579731,862500.0,-1562500.0,7,0.88,0.34599998593330383,193
281,greenland_sea,2017-08-05,-15.037815903582244,78.71389489924283,612500.0,-1062500.0,8,1.0,0.675000011920929,217
NA,greenland_sea,2018-03-29,-15.109575122340464,73.21315816169113,912500.0,-1587500.0,3,0.6,0.5210000276565552,88
283,greenland_sea,2018-06-10,-20.92450174492116,72.3157169715812,787500.0,-1762500.0,6,1.0,0.671999990940094,161
NA,greenland_sea,2018-09-25,2.082565279730885,81.03634081543058,712500.0,-662500.0,9,0.64,0.5139999985694885,268
NA,greenland_sea,2019-03-06,16.039943306049675,76.4767613600042,1287500.0,-712500.0,3,0.455,0.4480000138282776,65
NA,greenland_sea,2019-06-04,-6.263490614334538,76.59724556696547,912500.0,-1137500.0,6,0.6,0.5490000247955322,155
286,greenland_sea,2020-03-18,17.39332214691204,75.87551184467547,1362500.0,-712500.0,3,1.0,0.7599999904632568,78
NA,greenland_sea,2021-05-28,-18.987624087870167,74.04992143921027,762500.0,-1562500.0,5,1.0,0.49799999594688416,148
NA,greenland_sea,2021-05-30,-2.3215305898327165,77.95694517206176,887500.0,-962500.0,5,0.92,0.5450000166893005,150
NA,greenland_sea,2021-08-16,6.458816378718658,81.31182751412662,737500.0,-587500.0,8,0.6,0.5740000009536743,228
287,greenland_sea,2021-09-21,-4.666858371438994,81.98975669936368,562500.0,-662500.0,9,1.0,0.5809999704360962,264
288,greenland_sea,2022-03-16,21.80140948635181,76.8735186283378,1312500.0,-562500.0,3,0.875,0.6520000100135803,75
NA,greenland_sea,2022-07-03,-6.458816378718651,81.31182751412662,587500.0,-737500.0,7,1.0,0.8659999966621399,184
290,greenland_sea,2022-07-23,-4.830419958289938,78.41046704435409,812500.0,-962500.0,7,0.96,0.6470000147819519,204
291,greenland_sea,2022-07-28,-16.837472625676384,77.09488198221362,662500.0,-1237500.0,7,1.0,0.7590000033378601,209
292,greenland_sea,2022-09-19,-11.481991354748091,79.37206285945503,637500.0,-962500.0,9,1.0,0.7160000205039978,262
NA,greenland_sea,2022-09-27,-13.495733280795816,77.46163911780987,712500.0,-1162500.0,9,1.0,0.8420000076293945,270
NA,hudson_bay,2003-03-07,-75.96375653207352,64.18725919854549,-1462500.0,-2437500.0,3,1.0,0.8769999742507935,66
NA,hudson_bay,2004-05-06,-87.91743472026913,63.518896566825354,-1987500.0,-2137500.0,5,1.0,0.7990000247955322,127
NA,hudson_bay,2004-06-11,-77.4346516200927,62.750867126939774,-1612500.0,-2537500.0,6,1.0,0.7490000128746033,163
456,hudson_bay,2004-06-26,-88.23217294414394,63.989106575456034,-1962500.0,-2087500.0,6,0.667,0.5479999780654907,178
296,hudson_bay,2004-07-06,-77.99979032811471,56.42190772930193,-2037500.0,-3137500.0,7,0.88,0.35199999809265137,188
NA,hudson_bay,2004-08-16,-86.52368725079886,56.00673879083812,-2512500.0,-2837500.0,8,0.824,0.48500001430511475,229
298,hudson_bay,2005-04-09,-91.98470311215355,57.853009793119355,-2612500.0,-2437500.0,4,1.0,0.824999988079071,99
NA,hudson_bay,2005-05-12,-74.65623395223614,62.75268365530085,-1487500.0,-2612500.0,5,1.0,0.8450000286102295,132
300,hudson_bay,2005-06-13,-84.08193964789238,63.55458436339211,-1837500.0,-2262500.0,6,1.0,0.5649999976158142,164
NA,hudson_bay,2005-08-18,-86.10832370591925,66.28670420724214,-1712500.0,-1962500.0,8,1.0,0.6119999885559082,230
NA,hudson_bay,2006-03-21,-78.6332828275123,58.49475360888698,-1937500.0,-2912500.0,3,1.0,0.6880000233650208,80
301,hudson_bay,2006-03-29,-76.13453331251938,63.88590190558919,-1487500.0,-2462500.0,3,1.0,0.9100000262260437,88
302,hudson_bay,2006-04-03,-76.820131910619,63.95847899545511,-1512500.0,-2437500.0,4,1.0,0.8740000128746033,93
453,hudson_bay,2006-07-18,-86.30861401354872,65.03977915969801,-1812500.0,-2062500.0,7,0.727,0.5040000081062317,199
NA,hudson_bay,2007-04-24,-75.7064418869526,63.998686092582155,-1462500.0,-2462500.0,4,1.0,0.5809999704360962,114
311,hudson_bay,2007-04-28,-91.72698775048764,58.31153967621843,-2562500.0,-2412500.0,4,1.0,0.8199999928474426,118
NA,hudson_bay,2007-06-07,-79.57628278993401,55.83269297505002,-2162500.0,-3137500.0,6,1.0,0.8330000042915344,158
NA,hudson_bay,2007-07-30,-81.71059561097432,65.46527884162076,-1612500.0,-2162500.0,7,0.72,0.5609999895095825,211
318,hudson_bay,2008-08-13,-83.11174172300531,65.85750453306764,-1637500.0,-2087500.0,8,1.0,0.6700000166893005,226
NA,hudson_bay,2009-03-31,-74.24047783310714,62.86010598666599,-1462500.0,-2612500.0,3,1.0,0.9010000228881836,90
NA,hudson_bay,2009-04-07,-78.39258432420506,59.8663110736779,-1837500.0,-2787500.0,4,1.0,0.9229999780654907,97
319,hudson_bay,2009-06-05,-78.75095568532569,60.5258812849436,-1812500.0,-2712500.0,6,1.0,0.7950000166893005,156
320,hudson_bay,2009-06-15,-78.40782458970894,58.31610451313179,-1937500.0,-2937500.0,6,1.0,0.7680000066757202,166
NA,hudson_bay,2009-08-16,-85.333141628561,66.26334059707362,-1687500.0,-1987500.0,8,0.875,0.6359999775886536,228
NA,hudson_bay,2009-08-17,-86.30861401354872,65.03977915969801,-1812500.0,-2062500.0,8,0.727,0.609000027179718,229
NA,hudson_bay,2010-03-12,-92.57657183026885,58.14319363028506,-2612500.0,-2387500.0,3,1.0,0.8640000224113464,71
455,hudson_bay,2010-05-24,-82.32758840022045,58.970952927197125,-2087500.0,-2737500.0,5,0.96,0.7620000243186951,144
NA,hudson_bay,2010-07-31,-79.66108945705895,65.80133399883687,-1512500.0,-2187500.0,7,0.48,0.5220000147819519,212
452,hudson_bay,2010-08-12,-87.00686799402092,65.36933163048317,-1812500.0,-2012500.0,8,0.5,0.6819999814033508,224
324,hudson_bay,2011-03-23,-82.13393162710312,65.33269660448441,-1637500.0,-2162500.0,3,1.0,0.8629999756813049,82
325,hudson_bay,2011-03-27,-77.78068707678064,64.21239146311544,-1537500.0,-2387500.0,3,1.0,0.8180000185966492,86
NA,hudson_bay,2011-05-18,-90.33311124392137,62.45302366594332,-2162500.0,-2137500.0,5,0.68,0.45500001311302185,138
NA,hudson_bay,2011-07-23,-86.26049663706893,65.35100648837962,-1787500.0,-2037500.0,7,1.0,0.6140000224113464,204
454,hudson_bay,2013-04-26,-76.21214708367323,63.09669372294096,-1537500.0,-2537500.0,4,1.0,0.8650000095367432,116
329,hudson_bay,2013-05-10,-82.78097917513034,65.68322733009332,-1637500.0,-2112500.0,5,1.0,0.9079999923706055,130
NA,hudson_bay,2014-03-06,-75.7064418869526,63.998686092582155,-1462500.0,-2462500.0,3,1.0,0.8519999980926514,65
NA,hudson_bay,2014-04-25,-93.19755777385085,61.33310172214438,-2362500.0,-2112500.0,4,1.0,0.9120000004768372,115
NA,hudson_bay,2014-07-02,-82.23483398157467,65.02373044232056,-1662500.0,-2187500.0,7,1.0,0.7179999947547913,183
NA,hudson_bay,2014-08-09,-81.48829486157531,66.0836592126463,-1562500.0,-2112500.0,8,0.84,0.4320000112056732,221
NA,hudson_bay,2015-05-25,-92.5878785074053,61.65553656545014,-2312500.0,-2112500.0,5,0.409,0.5299999713897705,145
NA,hudson_bay,2015-06-13,-78.43405591648471,55.25034785281871,-2137500.0,-3237500.0,6,1.0,0.8149999976158142,164
330,hudson_bay,2015-07-20,-79.91346831534622,56.47584750128901,-2137500.0,-3062500.0,7,0.542,0.6710000038146973,201
NA,hudson_bay,2016-07-17,-85.25821024548094,55.50568005214221,-2487500.0,-2937500.0,7,1.0,0.8389999866485596,199
NA,hudson_bay,2016-08-09,-87.08299271337229,64.74671396107526,-1862500.0,-2062500.0,8,0.692,0.5590000152587891,222
NA,hudson_bay,2017-03-21,-75.20323775494265,63.62046910036755,-1462500.0,-2512500.0,3,1.0,0.8140000104904175,80
NA,hudson_bay,2017-04-05,-81.32183111475923,59.35765886352139,-2012500.0,-2737500.0,4,1.0,0.8960000276565552,95
NA,hudson_bay,2017-04-06,-75.55096987354055,63.021241430136136,-1512500.0,-2562500.0,4,1.0,0.8640000224113464,96
NA,hudson_bay,2017-06-07,-85.93505269225729,58.55303871841868,-2287500.0,-2637500.0,6,1.0,0.7379999756813049,158
334,hudson_bay,2017-07-16,-81.30869246411515,64.49461435894949,-1662500.0,-2262500.0,7,0.562,0.40799999237060547,197
NA,hudson_bay,2018-05-27,-80.25290986089254,63.47576877476369,-1687500.0,-2387500.0,5,1.0,0.8579999804496765,147
NA,hudson_bay,2019-04-09,-75.7064418869526,63.998686092582155,-1462500.0,-2462500.0,4,1.0,0.7950000166893005,99
NA,hudson_bay,2019-08-14,-85.39551284301848,65.95144751885428,-1712500.0,-2012500.0,8,0.7,0.6010000109672546,226
NA,hudson_bay,2020-03-29,-76.04752223191505,63.39721937966398,-1512500.0,-2512500.0,3,1.0,0.9079999923706055,89
339,hudson_bay,2020-05-09,-83.92041104216152,62.76903867302275,-1887500.0,-2337500.0,5,1.0,0.6740000247955322,130
340,hudson_bay,2021-05-18,-81.35457746574639,62.30459183704782,-1812500.0,-2462500.0,5,1.0,0.8899999856948853,138
NA,hudson_bay,2021-06-16,-81.07359207326067,59.184026891986505,-2012500.0,-2762500.0,6,1.0,0.6539999842643738,167
NA,hudson_bay,2021-08-16,-82.55258314980483,65.19888711426574,-1662500.0,-2162500.0,8,0.35,0.4860000014305115,228
NA,hudson_bay,2022-05-06,-78.86600078935301,59.448093775574975,-1887500.0,-2812500.0,5,1.0,0.8759999871253967,126
NA,hudson_bay,2022-06-11,-78.20275186927624,64.09277810552753,-1562500.0,-2387500.0,6,1.0,0.6050000190734863,162
NA,hudson_bay,2022-07-12,-93.52145337692224,58.87594804493751,-2587500.0,-2287500.0,7,0.529,0.6200000047683716,193
NA,laptev_sea,2003-04-21,128.75162833496177,74.19391522288012,187500.0,1712500.0,4,1.0,0.9079999923706055,111
NA,laptev_sea,2003-08-18,139.9937439858234,78.11056234693729,-112500.0,1287500.0,8,1.0,0.6370000243186951,230
NA,laptev_sea,2003-09-14,113.10632685827156,76.7504339106868,537500.0,1337500.0,9,0.5,0.37400001287460327,257
NA,laptev_sea,2003-09-29,108.68735150521118,78.3246157508427,562500.0,1137500.0,9,1.0,0.6899999976158142,272
345,laptev_sea,2004-06-02,131.0090869015702,75.15856632578773,112500.0,1612500.0,6,1.0,0.8410000205039978,154
NA,laptev_sea,2004-08-27,140.52754015165618,79.2488827241416,-112500.0,1162500.0,8,1.0,0.8790000081062317,240
347,laptev_sea,2004-09-23,108.97040780848654,73.54374896880623,787500.0,1612500.0,9,1.0,0.671999990940094,267
NA,laptev_sea,2005-06-05,132.41420565757554,72.23413257030812,87500.0,1937500.0,6,1.0,0.7120000123977661,156
NA,laptev_sea,2005-07-28,128.2544203525172,79.22441944748546,137500.0,1162500.0,7,0.96,0.7250000238418579,209
NA,laptev_sea,2006-06-03,126.74747095286394,74.81158779974564,237500.0,1637500.0,6,1.0,0.6620000004768372,154
348,laptev_sea,2006-08-06,134.4543424065843,77.92646285580558,12500.0,1312500.0,8,0.88,0.45500001311302185,218
NA,laptev_sea,2007-03-05,106.05998730716064,78.8263273552732,587500.0,1062500.0,3,1.0,0.9259999990463257,64
NA,laptev_sea,2007-03-19,106.77122381863045,77.60470379256802,637500.0,1187500.0,3,1.0,0.8479999899864197,78
NA,laptev_sea,2007-03-20,108.1991650530454,77.50773999722111,612500.0,1212500.0,3,1.0,0.8830000162124634,79
351,laptev_sea,2007-04-05,126.988768387144,74.36255839783523,237500.0,1687500.0,4,1.0,0.8980000019073486,95
352,laptev_sea,2007-05-04,137.48955292199915,76.77416431399567,-62500.0,1437500.0,5,1.0,0.8040000200271606,124
NA,laptev_sea,2007-06-05,130.40945681439396,74.23672303951258,137500.0,1712500.0,6,0.84,0.7670000195503235,156
353,laptev_sea,2007-07-12,142.1934700552955,78.06206368404492,-162500.0,1287500.0,7,1.0,0.7269999980926514,193
NA,laptev_sea,2007-07-13,143.3102771675242,79.64833277078097,-162500.0,1112500.0,7,0.92,0.7400000095367432,194
NA,laptev_sea,2007-07-14,137.12109639666144,80.66677751714646,-37500.0,1012500.0,7,0.96,0.781000018119812,195
NA,laptev_sea,2008-03-02,100.15426658020029,78.92566519315291,687500.0,987500.0,3,1.0,0.9440000057220459,62
360,laptev_sea,2008-03-30,107.71579270637694,77.71099327658386,612500.0,1187500.0,3,1.0,0.9139999747276306,90
361,laptev_sea,2008-05-08,100.57352341856092,77.59624115475634,762500.0,1112500.0,5,1.0,0.8930000066757202,129
362,laptev_sea,2008-06-01,115.95876926156066,76.26949993393502,487500.0,1412500.0,6,1.0,0.8429999947547913,153
363,laptev_sea,2008-07-20,129.0625839005185,75.57197451740649,162500.0,1562500.0,7,1.0,0.6610000133514404,202
NA,laptev_sea,2008-09-23,134.43273359014208,78.38328574973421,12500.0,1262500.0,9,1.0,0.6100000143051147,267
NA,laptev_sea,2009-06-02,123.17851165939275,74.8768739945876,337500.0,1612500.0,6,1.0,0.7080000042915344,153
NA,laptev_sea,2009-06-18,123.6900675259798,74.2103653604851,337500.0,1687500.0,6,1.0,0.6359999775886536,169
NA,laptev_sea,2010-08-20,115.95876926156066,76.26949993393502,487500.0,1412500.0,8,0.68,0.6290000081062317,232
371,laptev_sea,2011-03-24,104.2259638987518,78.08849234046849,662500.0,1112500.0,3,1.0,0.8149999976158142,83
372,laptev_sea,2011-05-14,101.16488017754858,77.40738052640897,762500.0,1137500.0,5,1.0,0.8450000286102295,134
NA,laptev_sea,2011-07-02,115.05761541830302,76.1935547516979,512500.0,1412500.0,7,0.476,0.531000018119812,183
NA,laptev_sea,2012-07-24,111.33685929180564,78.82161953457607,487500.0,1112500.0,7,0.72,0.5929999947547913,206
NA,laptev_sea,2012-09-03,145.49147701233156,80.51525644414858,-187500.0,1012500.0,9,0.6,0.5559999942779541,247
NA,laptev_sea,2013-04-12,134.54164354199958,75.64814218936309,12500.0,1562500.0,4,1.0,0.9300000071525574,102
NA,laptev_sea,2013-05-24,124.35433665503967,74.4760544057006,312500.0,1662500.0,5,0.56,0.5809999704360962,144
NA,laptev_sea,2013-08-14,102.36249241571431,77.84844086469562,712500.0,1112500.0,8,0.941,0.8949999809265137,226
NA,laptev_sea,2013-08-24,100.36632260345051,76.45743237772997,837500.0,1212500.0,8,1.0,0.4830000102519989,236
377,laptev_sea,2013-09-04,100.57352341856092,77.59624115475634,762500.0,1112500.0,9,0.952,0.5699999928474426,247
378,laptev_sea,2014-03-01,108.68735150521118,78.3246157508427,562500.0,1137500.0,3,1.0,0.9200000166893005,60
379,laptev_sea,2014-04-03,127.822754149145,74.39251730726141,212500.0,1687500.0,4,1.0,0.875,93
NA,laptev_sea,2014-04-11,125.3313313389164,74.29288714963705,287500.0,1687500.0,4,1.0,0.8880000114440918,101
NA,laptev_sea,2014-05-15,129.4995885297981,74.44258317611056,162500.0,1687500.0,5,1.0,0.8460000157356262,135
NA,laptev_sea,2015-09-04,118.10626982080188,73.82361266845875,512500.0,1687500.0,9,0.85,0.5460000038146973,247
NA,laptev_sea,2016-03-17,106.05998730716064,78.8263273552732,587500.0,1062500.0,3,1.0,0.9139999747276306,77
381,laptev_sea,2016-04-02,105.47863816541836,79.02592398285043,587500.0,1037500.0,4,1.0,0.925000011920929,93
NA,laptev_sea,2016-05-12,133.62516521943058,75.6445056209209,37500.0,1562500.0,5,1.0,0.8960000276565552,133
NA,laptev_sea,2016-07-14,141.59673829789423,73.04430282833609,-212500.0,1837500.0,7,1.0,0.8740000128746033,196
382,laptev_sea,2016-09-04,136.93058744116698,79.75068045859918,-37500.0,1112500.0,9,1.0,0.6790000200271606,248
NA,laptev_sea,2017-05-15,137.44704864232364,76.54658389380695,-62500.0,1462500.0,5,1.0,0.9210000038146973,135
NA,laptev_sea,2018-03-10,100.15426658020029,78.92566519315291,687500.0,987500.0,3,1.0,0.9430000185966492,69
NA,laptev_sea,2018-03-10,100.15426658020029,78.92566519315291,687500.0,987500.0,3,1.0,0.9430000185966492,69
385,laptev_sea,2018-06-01,147.99461679191654,76.20870908720792,-337500.0,1462500.0,6,0.96,0.5329999923706055,152
NA,laptev_sea,2018-06-04,127.00252652819616,75.96827691113695,212500.0,1512500.0,6,0.96,0.7099999785423279,155
386,laptev_sea,2018-07-20,143.59122543222762,73.88148747666128,-262500.0,1737500.0,7,1.0,0.6000000238418579,201
NA,laptev_sea,2018-09-30,109.69202123873652,73.64176245103914,762500.0,1612500.0,9,1.0,0.5950000286102295,273
NA,laptev_sea,2019-05-06,137.5335588883946,77.00183799547138,-62500.0,1412500.0,5,1.0,0.6629999876022339,126
387,laptev_sea,2019-08-16,119.63838368815136,79.14166589836378,312500.0,1137500.0,8,0.8,0.49799999594688416,228
NA,laptev_sea,2020-04-18,106.77122381863045,77.60470379256802,637500.0,1187500.0,4,1.0,0.8949999809265137,109
NA,laptev_sea,2020-04-20,108.17801879841848,78.52901651923133,562500.0,1112500.0,4,1.0,0.7620000243186951,111
NA,laptev_sea,2020-07-07,95.78239232236405,77.09488198221362,887500.0,1087500.0,7,1.0,0.8140000104904175,189
NA,laptev_sea,2021-04-12,113.82426058289542,76.32674593250765,537500.0,1387500.0,4,1.0,0.875,102
NA,laptev_sea,2021-04-13,107.65012421993012,78.73255380834233,562500.0,1087500.0,4,1.0,0.781000018119812,103
NA,laptev_sea,2021-05-11,128.6598082540901,74.41919812847048,187500.0,1687500.0,5,1.0,0.8999999761581421,131
NA,laptev_sea,2021-05-29,148.43818815835064,76.65202693378475,-337500.0,1412500.0,5,1.0,0.6980000138282776,149
389,laptev_sea,2021-08-07,140.9061411137705,79.93234417477997,-112500.0,1087500.0,8,0.56,0.5339999794960022,219
NA,laptev_sea,2021-08-22,141.18861596324157,80.38809932406728,-112500.0,1037500.0,8,0.68,0.38100001215934753,234
NA,laptev_sea,2021-08-30,97.32640666016955,78.51985273486997,762500.0,987500.0,8,0.9,0.8930000066757202,242
NA,laptev_sea,2021-09-15,144.36019080191332,79.38694269808731,-187500.0,1137500.0,9,0.48,0.44699999690055847,258
NA,laptev_sea,2022-06-19,128.55046529615774,76.70310451984727,162500.0,1437500.0,6,0.8,0.6800000071525574,170
NA,sea_of_okhostk,2003-03-25,155.38745787232162,58.64533252261077,-1212500.0,3262500.0,3,1.0,0.7540000081062317,84
NA,sea_of_okhostk,2003-04-23,147.3112548800913,54.84285980039524,-837500.0,3837500.0,4,0.68,0.4490000009536743,113
NA,sea_of_okhostk,2004-03-05,155.5317981708773,58.84642704648078,-1212500.0,3237500.0,3,1.0,0.7099999785423279,65
466,sea_of_okhostk,2004-04-21,142.6068677719718,55.31702709953958,-512500.0,3837500.0,4,0.8,0.7080000042915344,112
458,sea_of_okhostk,2005-06-06,139.25688440821506,55.3034061342606,-287500.0,3862500.0,6,0.92,0.515999972820282,157
NA,sea_of_okhostk,2005-06-06,141.64036335200896,52.43471577334451,-487500.0,4187500.0,6,1.0,0.6159999966621399,157
NA,sea_of_okhostk,2006-05-01,143.32991245788406,53.772986759046226,-587500.0,4012500.0,5,0.6,0.5849999785423279,121
NA,sea_of_okhostk,2006-05-17,139.96179071019083,55.05935848507215,-337500.0,3887500.0,5,1.0,0.800000011920929,137
NA,sea_of_okhostk,2006-06-02,139.2026795037194,54.88307472207932,-287500.0,3912500.0,6,0.6,0.49799999594688416,153
462,sea_of_okhostk,2007-03-15,145.02899806150847,54.674582484079735,-687500.0,3887500.0,3,1.0,0.8220000267028809,74
NA,sea_of_okhostk,2008-03-14,146.4562815287019,55.592231731066825,-762500.0,3762500.0,3,0.84,0.367000013589859,74
NA,sea_of_okhostk,2008-06-02,141.1843912338942,53.724012221451794,-437500.0,4037500.0,6,0.35,0.48100000619888306,154
401,sea_of_okhostk,2009-05-24,153.434948822922,58.32371433262955,-1112500.0,3337500.0,5,0.44,0.4020000100135803,144
460,sea_of_okhostk,2009-06-08,137.40908137447227,55.3647529767199,-162500.0,3862500.0,6,0.818,0.8019999861717224,159
459,sea_of_okhostk,2009-06-18,138.43002844006176,54.49142467910185,-237500.0,3962500.0,6,0.905,0.7039999961853027,169
402,sea_of_okhostk,2010-03-08,147.5092994431321,54.38710559023557,-862500.0,3887500.0,3,0.92,0.5630000233650208,67
403,sea_of_okhostk,2010-04-17,145.5432463946863,53.98012171353733,-737500.0,3962500.0,4,1.0,0.5070000290870667,107
457,sea_of_okhostk,2011-05-04,154.47421405230625,58.58991722765379,-1162500.0,3287500.0,5,0.625,0.382999986410141,124
NA,sea_of_okhostk,2012-05-27,139.0995134034019,57.00961101243673,-262500.0,3662500.0,5,0.867,0.4950000047683716,148
NA,sea_of_okhostk,2013-04-22,154.75186122871526,58.99436805553425,-1162500.0,3237500.0,4,0.778,0.6039999723434448,112
464,sea_of_okhostk,2013-04-29,155.73095547282662,59.72775118335316,-1187500.0,3137500.0,4,0.609,0.6119999885559082,119
NA,sea_of_okhostk,2013-05-06,141.546290783294,55.604618321195474,-437500.0,3812500.0,5,0.92,0.7710000276565552,126
418,sea_of_okhostk,2013-06-14,139.89909245378772,54.6399834375134,-337500.0,3937500.0,6,0.96,0.8140000104904175,165
463,sea_of_okhostk,2014-03-08,148.58185243592965,52.52351689452783,-987500.0,4087500.0,3,0.88,0.4410000145435333,67
422,sea_of_okhostk,2014-03-12,147.99461679191654,52.82149428937873,-937500.0,4062500.0,3,1.0,0.6959999799728394,71
461,sea_of_okhostk,2014-06-05,137.67542665602912,54.09469089696672,-187500.0,4012500.0,6,0.842,0.7770000100135803,156
NA,sea_of_okhostk,2015-03-06,144.36844608310585,56.23817713268867,-612500.0,3712500.0,3,0.96,0.7350000143051147,65
465,sea_of_okhostk,2015-03-12,156.83839836404928,57.66080433087346,-1337500.0,3337500.0,3,1.0,0.6600000262260437,71
NA,sea_of_okhostk,2015-05-13,157.82376365850723,58.37094435484871,-1362500.0,3237500.0,5,0.714,0.4749999940395355,133
431,sea_of_okhostk,2016-03-31,144.61659157004993,55.785541738957754,-637500.0,3762500.0,3,1.0,0.7250000238418579,91
NA,sea_of_okhostk,2016-04-30,142.4627085851103,54.690565616126015,-512500.0,3912500.0,4,1.0,0.609000027179718,121
432,sea_of_okhostk,2017-04-28,138.99091309842976,56.16221886297233,-262500.0,3762500.0,4,1.0,0.7070000171661377,118
433,sea_of_okhostk,2017-05-23,155.18286912757316,59.60112799780936,-1162500.0,3162500.0,5,0.316,0.574999988079071,143
NA,sea_of_okhostk,2017-05-25,141.45555221991663,53.2856992863314,-462500.0,4087500.0,5,0.929,0.5249999761581421,145
NA,sea_of_okhostk,2018-06-03,138.3873868054917,54.072522236547364,-237500.0,4012500.0,6,0.471,0.6610000133514404,154
435,sea_of_okhostk,2019-04-27,143.82386194304044,58.44424237701525,-537500.0,3462500.0,4,0.64,0.45899999141693115,117
NA,sea_of_okhostk,2019-06-22,137.67542665602912,54.09469089696672,-187500.0,4012500.0,6,0.579,0.7229999899864197,173
NA,sea_of_okhostk,2020-04-21,150.2886642375814,56.38789527335781,-987500.0,3612500.0,4,0.36,0.3790000081062317,112
439,sea_of_okhostk,2021-04-05,148.89906309275082,55.93280920132567,-912500.0,3687500.0,4,1.0,0.6359999775886536,95
440,sea_of_okhostk,2022-05-24,140.55049978958294,54.18353883231012,-387500.0,3987500.0,5,0.762,0.5220000147819519,144
